# wavelength, ch1_mean
5.200000000000000000e+02
-5.335827599999999719e-12
200,-2.806316266666667e-12\n400,-5.143733266666666e-12\n250,-1.3990744e-12\n230,-1.7649777e-12\n290,-1.9028049e-12\n410,-5.6426930000000006e-12\n540,-7.444635266666666e-12\n440,-8.350450166666667e-12\n600,-3.327893233333334e-11\n280,-1.8837579333333334e-12\n480,-1.3144163666666669e-11\n460,-8.285264033333333e-12\n530,-6.652937733333333e-12\n220,-1.6781607666666667e-12\n550,-7.6382099e-12\n560,-8.574653300000002e-12\n420,-6.093337066666667e-12\n350,-1.1059964233333333e-12\n240,-1.6900958999999999e-12\n500,-7.337865633333335e-12\n360,-1.8983179333333337e-12\n310,-6.5181264e-12\n470,-9.3138047e-12\n510,-6.0787103333333336e-12\n450,-7.448889433333334e-12\n580,-2.3223101333333335e-11\n570,-2.7101109666666666e-11\n380,-3.749862966666667e-12\n210,-2.2048883333333335e-12\n320,-4.7477591e-12\n590,-3.5400998666666663e-11\n340,-8.777599033333332e-13\n300,-3.3127175333333336e-12\n260,-1.1543465666666665e-12\n330,-1.0614023600000001e-12\n390,-4.670605700000001e-12\n430,-6.085767066666668e-12\n270,-1.6900407666666666e-12\n490,-7.618927533333332e-12\n370,-2.7595901666666663e-12\n